<?xml version="1.0" encoding="UTF-8"?>
<document type="com.apple.InterfaceBuilder3.CocoaTouch.Storyboard.XIB" version="3.0" toolsVersion="12118" systemVersion="16E195" targetRuntime="iOS.CocoaTouch" propertyAccessControl="none" useAutolayout="YES" useTraitCollections="YES" colorMatched="YES" initialViewController="frd-JN-POA">
    <device id="retina4_7" orientation="portrait">
        <adaptation id="fullscreen"/>
    </device>
    <dependencies>
        <deployment identifier="iOS"/>
        <plugIn identifier="com.apple.InterfaceBuilder.IBCocoaTouchPlugin" version="12086"/>
        <capability name="documents saved in the Xcode 8 format" minToolsVersion="8.0"/>
    </dependencies>
    <scenes>
        <!--View Controller-->
        <scene sceneID="zJ6-44-05W">
            <objects>
                <viewController id="frd-JN-POA" sceneMemberID="viewController">
                    <layoutGuides>
                        <viewControllerLayoutGuide type="top" id="6rD-d8-oro"/>
                        <viewControllerLayoutGuide type="bottom" id="EeG-UF-D8t"/>
                    </layoutGuides>
                    <view key="view" contentMode="scaleToFill" id="uOc-zK-7gR">
                        <rect key="frame" x="0.0" y="0.0" width="375" height="667"/>
                        <autoresizingMask key="autoresizingMask" widthSizable="YES" heightSizable="YES"/>
                        <subviews>
                            <label opaque="NO" userInteractionEnabled="NO" contentMode="left" horizontalHuggingPriority="251" verticalHuggingPriority="251" fixedFrame="YES" text="UNITED OVERBOOKED " textAlignment="center" lineBreakMode="tailTruncation" numberOfLines="2" baselineAdjustment="alignBaselines" adjustsFontSizeToFit="NO" translatesAutoresizingMaskIntoConstraints="NO" id="du1-G1-Ywb">
                                <rect key="frame" x="0.0" y="128" width="375" height="74"/>
                                <autoresizingMask key="autoresizingMask" flexibleMaxX="YES" flexibleMaxY="YES"/>
                                <fontDescription key="fontDescription" type="boldSystem" pointSize="33"/>
                                <color key="textColor" red="1" green="1" blue="1" alpha="1" colorSpace="calibratedRGB"/>
                                <nil key="highlightedColor"/>
                                <size key="shadowOffset" width="2" height="1"/>
                            </label>
                            <button opaque="NO" contentMode="scaleToFill" fixedFrame="YES" contentHorizontalAlignment="center" contentVerticalAlignment="center" buttonType="roundedRect" lineBreakMode="middleTruncation" translatesAutoresizingMaskIntoConstraints="NO" id="xNx-sf-8Wj">
                                <rect key="frame" x="118" y="532" width="139" height="53"/>
                                <autoresizingMask key="autoresizingMask" flexibleMaxX="YES" flexibleMaxY="YES"/>
                                <state key="normal" title="TAP TO PLAY">
                                    <color key="titleColor" red="1" green="1" blue="1" alpha="1" colorSpace="calibratedRGB"/>
                                </state>
                                <connections>
                                    <segue destination="BYZ-38-t0r" kind="show" id="kni-FT-iiV"/>
                                </connections>
                            </button>
                        </subviews>
                        <color key="backgroundColor" red="0.0" green="0.0" blue="1" alpha="0.5" colorSpace="calibratedRGB"/>
                    </view>
                </viewController>
                <placeholder placeholderIdentifier="IBFirstResponder" id="gaK-6R-IOV" userLabel="First Responder" sceneMemberID="firstResponder"/>
            </objects>
            <point key="canvasLocation" x="-1640.8" y="181.25937031484258"/>
        </scene>
        <!--View Controller-->
        <scene sceneID="tne-QT-ifu">
            <objects>
                <viewController id="BYZ-38-t0r" customClass="ViewController" customModule="RANDOMNAME" customModuleProvider="target" sceneMemberID="viewController">
                    <layoutGuides>
                        <viewControllerLayoutGuide type="top" id="y3c-jy-aDJ"/>
                        <viewControllerLayoutGuide type="bottom" id="wfy-db-euE"/>
                    </layoutGuides>
                    <view key="view" contentMode="scaleToFill" id="8bC-Xf-vdC">
                        <rect key="frame" x="0.0" y="0.0" width="375" height="667"/>
                        <autoresizingMask key="autoresizingMask" widthSizable="YES" heightSizable="YES"/>
                        <subviews>
                            <label opaque="NO" userInteractionEnabled="NO" contentMode="left" horizontalHuggingPriority="251" verticalHuggingPriority="251" fixedFrame="YES" text="Score" textAlignment="center" lineBreakMode="tailTruncation" baselineAdjustment="alignBaselines" adjustsFontSizeToFit="NO" translatesAutoresizingMaskIntoConstraints="NO" id="tS9-gC-9ZR">
                                <rect key="frame" x="0.0" y="0.0" width="375" height="201"/>
                                <autoresizingMask key="autoresizingMask" flexibleMaxX="YES" flexibleMaxY="YES"/>
                                <color key="backgroundColor" red="0.0" green="0.0" blue="1" alpha="1" colorSpace="calibratedRGB"/>
                                <fontDescription key="fontDescription" type="system" pointSize="25"/>
                                <color key="textColor" red="1" green="1" blue="1" alpha="1" colorSpace="calibratedRGB"/>
                                <nil key="highlightedColor"/>
                            </label>
                            <button opaque="NO" contentMode="scaleToFill" fixedFrame="YES" contentHorizontalAlignment="center" contentVerticalAlignment="center" buttonType="roundedRect" lineBreakMode="middleTruncation" translatesAutoresizingMaskIntoConstraints="NO" id="btk-TZ-M37">
                                <rect key="frame" x="0.0" y="441" width="375" height="226"/>
                                <autoresizingMask key="autoresizingMask" flexibleMaxX="YES" flexibleMaxY="YES"/>
                                <color key="backgroundColor" red="0.0" green="0.0" blue="1" alpha="1" colorSpace="calibratedRGB"/>
                                <fontDescription key="fontDescription" type="system" pointSize="25"/>
                                <color key="tintColor" red="0.0" green="0.0" blue="1" alpha="0.75817011440000004" colorSpace="calibratedRGB"/>
                                <state key="normal" title="TAP">
                                    <color key="titleColor" red="1" green="1" blue="1" alpha="1" colorSpace="calibratedRGB"/>
                                </state>
                                <connections>
                                    <action selector="ActionTapBar:" destination="BYZ-38-t0r" eventType="touchUpInside" id="2Ii-cj-MFv"/>
                                </connections>
                            </button>
                            <label opaque="NO" userInteractionEnabled="NO" contentMode="left" horizontalHuggingPriority="251" verticalHuggingPriority="251" fixedFrame="YES" text="Distance: 10" textAlignment="center" lineBreakMode="tailTruncation" numberOfLines="3" baselineAdjustment="alignBaselines" adjustsFontSizeToFit="NO" translatesAutoresizingMaskIntoConstraints="NO" id="sZC-H2-cnr">
                                <rect key="frame" x="0.0" y="298" width="375" height="71"/>
                                <autoresizingMask key="autoresizingMask" flexibleMaxX="YES" flexibleMaxY="YES"/>
                                <fontDescription key="fontDescription" type="system" pointSize="25"/>
                                <color key="textColor" red="1" green="1" blue="1" alpha="1" colorSpace="calibratedRGB"/>
                                <nil key="highlightedColor"/>
                            </label>
                        </subviews>
                        <color key="backgroundColor" red="0.0" green="0.0" blue="1" alpha="1" colorSpace="calibratedRGB"/>
                    </view>
                    <connections>
                        <outlet property="ScoreLabel" destination="tS9-gC-9ZR" id="8ug-UB-Z9D"/>
                        <outlet property="TimeAvailable" destination="sZC-H2-cnr" id="e6L-0u-evU"/>
                    </connections>
                </viewController>
                <placeholder placeholderIdentifier="IBFirstResponder" id="dkx-z0-nzr" sceneMemberID="firstResponder"/>
            </objects>
            <point key="canvasLocation" x="-775" y="181"/>
        </scene>
    </scenes>
    <color key="tintColor" red="0.0" green="0.47843137250000001" blue="1" alpha="1" colorSpace="custom" customColorSpace="sRGB"/>
</document>
