<?xml version="1.0" encoding="UTF-8"?>
<Bucket
   type = "1"
   version = "2.0">
   <Breakpoints>
      <BreakpointProxy
         BreakpointExtensionID = "Xcode.Breakpoint.FileBreakpoint">
         <BreakpointContent
            shouldBeEnabled = "No"
            ignoreCount = "0"
            continueAfterRunningActions = "No"
            filePath = "RANDOMNAME/oboi.swift"
            timestampString = "513746247.983885"
            startingColumnNumber = "9223372036854775807"
            endingColumnNumber = "9223372036854775807"
            startingLineNumber = "14"
            endingLineNumber = "14"
            landmarkName = "oboi"
            landmarkType = "3">
            <Locations>
               <Location
                  shouldBeEnabled = "No"
                  ignoreCount = "0"
                  continueAfterRunningActions = "No"
                  symbolName = "RANDOMNAME.oboi.init (name : Swift.String, age : Swift.Int) -&gt; RANDOMNAME.oboi"
                  moduleName = "RANDOMNAME"
                  usesParentBreakpointCondition = "Yes"
                  urlString = "file:///Users/myanksinghal/Desktop/RANDOMNAME/RANDOMNAME/oboi.swift"
                  timestampString = "513746250.536215"
                  startingColumnNumber = "9223372036854775807"
                  endingColumnNumber = "9223372036854775807"
                  startingLineNumber = "16"
                  endingLineNumber = "16"
                  offsetFromSymbolStart = "31">
               </Location>
               <Location
                  shouldBeEnabled = "No"
                  ignoreCount = "0"
                  continueAfterRunningActions = "No"
                  symbolName = "RANDOMNAME.oboi.__allocating_init (name : Swift.String, age : Swift.Int) -&gt; RANDOMNAME.oboi"
                  moduleName = "RANDOMNAME"
                  usesParentBreakpointCondition = "Yes"
                  urlString = "file:///Users/myanksinghal/Desktop/RANDOMNAME/RANDOMNAME/oboi.swift"
                  timestampString = "513746250.53959"
                  startingColumnNumber = "9223372036854775807"
                  endingColumnNumber = "9223372036854775807"
                  startingLineNumber = "0"
                  endingLineNumber = "0"
                  offsetFromSymbolStart = "4">
               </Location>
            </Locations>
         </BreakpointContent>
      </BreakpointProxy>
      <BreakpointProxy
         BreakpointExtensionID = "Xcode.Breakpoint.FileBreakpoint">
         <BreakpointContent
            shouldBeEnabled = "No"
            ignoreCount = "0"
            continueAfterRunningActions = "No"
            filePath = "RANDOMNAME/ViewController.swift"
            timestampString = "514109927.126683"
            startingColumnNumber = "9223372036854775807"
            endingColumnNumber = "9223372036854775807"
            startingLineNumber = "44"
            endingLineNumber = "44"
            landmarkName = "ActionTapBar(_:)"
            landmarkType = "7">
         </BreakpointContent>
      </BreakpointProxy>
   </Breakpoints>
</Bucket>
